{"_wandb":{"runtime":504},"train/global_step":5,"_timestamp":1.774637275950302e+09,"_step":5,"train_samples_per_second":0.01,"train_runtime":508.2163,"eval/samples_per_second":0.089,"eval/steps_per_second":0.018,"eval/num_tokens":1359,"train_steps_per_second":0.01,"total_flos":2.927118484224e+12,"train/epoch":0.25,"eval/mean_token_accuracy":0.75,"_runtime":504,"eval/runtime":112.1889,"eval/entropy":1.8118897676467896,"train_loss":1.1971179962158203,"eval/loss":0.6558666229248047}