{"train_loss":1.1971352577209473,"train_samples_per_second":0.012,"_timestamp":1.774641483285663e+09,"eval/samples_per_second":0.246,"eval/loss":0.655402660369873,"_wandb":{"runtime":405},"eval/entropy":1.8120954632759094,"total_flos":2.927118484224e+12,"eval/steps_per_second":0.049,"train/global_step":5,"eval/num_tokens":1359,"train_steps_per_second":0.012,"_step":5,"_runtime":405,"train/epoch":0.25,"eval/mean_token_accuracy":0.75,"eval/runtime":40.7072,"train_runtime":427.0247}